Id. de problema,Descripción,Estado,Gravedad,Puntos de la historia,Ruta de acceso del proyecto,Tipo de ubicación,Ruta de acceso,Línea,Columna,Id. de incidente,Vínculo de ayuda,Nombre del ensamblado,Versión de ensamblado,Clave pública de ensamblado,Fragmento
NuGet.0002,Se recomienda actualizar el paquete NuGet,Active,Potential,1,HM.Presupuestos.Application\HM.Presupuestos.Application.csproj,File,HM.Presupuestos.Application\HM.Presupuestos.Application.csproj,,,Microsoft.Extensions.Logging 8.0.1,,,,,"Microsoft.Extensions.Logging, 8.0.1  Recomendación:  Remove Microsoft.Extensions.Logging, and replace with new package Microsoft.Extensions.Logging 10.0.8"
NuGet.0006,Se recomiendan las asignaciones de origen del paquete NuGet,Active,Information,1,HM.Presupuestos.Application\HM.Presupuestos.Application.csproj,File,NuGet.config,,,,,,,,Se encontraron 1 archivos que coinciden con la regla:    NuGet.config  
Project.0002,Es necesario cambiar el marco de destino del proyecto,Active,Mandatory,1,HM.Presupuestos.Application\HM.Presupuestos.Application.csproj,File,HM.Presupuestos.Application\HM.Presupuestos.Application.csproj,,,,,,,,Marco de destino actual: net8.0 Marco de destino recomendado: net10.0
NuGet.0006,Se recomiendan las asignaciones de origen del paquete NuGet,Active,Information,1,HM.Presupuestos.Domain\HM.Presupuestos.Domain.csproj,File,NuGet.config,,,,,,,,Se encontraron 1 archivos que coinciden con la regla:    NuGet.config  
Project.0002,Es necesario cambiar el marco de destino del proyecto,Active,Mandatory,1,HM.Presupuestos.Domain\HM.Presupuestos.Domain.csproj,File,HM.Presupuestos.Domain\HM.Presupuestos.Domain.csproj,,,,,,,,Marco de destino actual: net8.0 Marco de destino recomendado: net10.0
NuGet.0002,Se recomienda actualizar el paquete NuGet,Active,Potential,1,HM.Presupuestos.E2ETest\HM.Presupuestos.E2ETest.csproj,File,HM.Presupuestos.E2ETest\HM.Presupuestos.E2ETest.csproj,,,Microsoft.Extensions.Configuration.Binder 8.0.2,,,,,"Microsoft.Extensions.Configuration.Binder, 8.0.2  Recomendación:  Remove Microsoft.Extensions.Configuration.Binder, and replace with new package Microsoft.Extensions.Configuration.Binder 10.0.8"
NuGet.0002,Se recomienda actualizar el paquete NuGet,Active,Potential,1,HM.Presupuestos.E2ETest\HM.Presupuestos.E2ETest.csproj,File,HM.Presupuestos.E2ETest\HM.Presupuestos.E2ETest.csproj,,,Microsoft.Extensions.Configuration.EnvironmentVariables 8.0.0,,,,,"Microsoft.Extensions.Configuration.EnvironmentVariables, 8.0.0  Recomendación:  Remove Microsoft.Extensions.Configuration.EnvironmentVariables, and replace with new package Microsoft.Extensions.Configuration.EnvironmentVariables 10.0.8"
NuGet.0002,Se recomienda actualizar el paquete NuGet,Active,Potential,1,HM.Presupuestos.E2ETest\HM.Presupuestos.E2ETest.csproj,File,HM.Presupuestos.E2ETest\HM.Presupuestos.E2ETest.csproj,,,Microsoft.Extensions.Configuration.Json 8.0.1,,,,,"Microsoft.Extensions.Configuration.Json, 8.0.1  Recomendación:  Remove Microsoft.Extensions.Configuration.Json, and replace with new package Microsoft.Extensions.Configuration.Json 10.0.8"
NuGet.0006,Se recomiendan las asignaciones de origen del paquete NuGet,Active,Information,1,HM.Presupuestos.E2ETest\HM.Presupuestos.E2ETest.csproj,File,NuGet.config,,,,,,,,Se encontraron 1 archivos que coinciden con la regla:    NuGet.config  
Project.0002,Es necesario cambiar el marco de destino del proyecto,Active,Mandatory,1,HM.Presupuestos.E2ETest\HM.Presupuestos.E2ETest.csproj,File,HM.Presupuestos.E2ETest\HM.Presupuestos.E2ETest.csproj,,,,,,,,Marco de destino actual: net8.0 Marco de destino recomendado: net10.0
NuGet.0006,Se recomiendan las asignaciones de origen del paquete NuGet,Active,Information,1,HM.Presupuestos.Infrastructure\HM.Presupuestos.Infrastructure.csproj,File,NuGet.config,,,,,,,,Se encontraron 1 archivos que coinciden con la regla:    NuGet.config  
Project.0002,Es necesario cambiar el marco de destino del proyecto,Active,Mandatory,1,HM.Presupuestos.Infrastructure\HM.Presupuestos.Infrastructure.csproj,File,HM.Presupuestos.Infrastructure\HM.Presupuestos.Infrastructure.csproj,,,,,,,,Marco de destino actual: net8.0 Marco de destino recomendado: net10.0
Api.0003,Cambio de comportamiento en la versión de .NET seleccionada,Active,Potential,1,HM.Presupuestos.Infrastructure\HM.Presupuestos.Infrastructure.csproj,File,HM.Presupuestos.Infrastructure\Servicios\ApiCoreCli.cs,122,20,T:System.Net.Http.HttpContent,,,,,"_logger?.Error($""Mensaje: {await response.Content.ReadAsStringAsync()}"");"
Api.0003,Cambio de comportamiento en la versión de .NET seleccionada,Active,Potential,1,HM.Presupuestos.Infrastructure\HM.Presupuestos.Infrastructure.csproj,File,HM.Presupuestos.Infrastructure\Servicios\ApiCoreCli.cs,116,20,T:System.Net.Http.HttpContent,,,,,string retorno = await response.Content.ReadAsStringAsync();
Api.0003,Cambio de comportamiento en la versión de .NET seleccionada,Active,Potential,1,HM.Presupuestos.Infrastructure\HM.Presupuestos.Infrastructure.csproj,File,HM.Presupuestos.Infrastructure\Servicios\ApiCoreCli.cs,84,20,T:System.Net.Http.HttpContent,,,,,"_logger?.Error($""Mensaje: {await response.Content.ReadAsStringAsync()}"");"
Api.0003,Cambio de comportamiento en la versión de .NET seleccionada,Active,Potential,1,HM.Presupuestos.Infrastructure\HM.Presupuestos.Infrastructure.csproj,File,HM.Presupuestos.Infrastructure\Servicios\ApiCoreCli.cs,78,20,T:System.Net.Http.HttpContent,,,,,string retorno = await response.Content.ReadAsStringAsync();
Api.0003,Cambio de comportamiento en la versión de .NET seleccionada,Active,Potential,1,HM.Presupuestos.Infrastructure\HM.Presupuestos.Infrastructure.csproj,File,HM.Presupuestos.Infrastructure\Servicios\ApiCoreCli.cs,46,20,T:System.Net.Http.HttpContent,,,,,"Console.WriteLine($""Mensaje: {await response.Content.ReadAsStringAsync()}"");"
Api.0003,Cambio de comportamiento en la versión de .NET seleccionada,Active,Potential,1,HM.Presupuestos.Infrastructure\HM.Presupuestos.Infrastructure.csproj,File,HM.Presupuestos.Infrastructure\Servicios\ApiCoreCli.cs,39,20,T:System.Net.Http.HttpContent,,,,,retorno = await response.Content.ReadAsStringAsync();
NuGet.0006,Se recomiendan las asignaciones de origen del paquete NuGet,Active,Information,1,HM.Presupuestos.UnitTest\HM.Presupuestos.UnitTest.csproj,File,NuGet.config,,,,,,,,Se encontraron 1 archivos que coinciden con la regla:    NuGet.config  
Project.0002,Es necesario cambiar el marco de destino del proyecto,Active,Mandatory,1,HM.Presupuestos.UnitTest\HM.Presupuestos.UnitTest.csproj,File,HM.Presupuestos.UnitTest\HM.Presupuestos.UnitTest.csproj,,,,,,,,Marco de destino actual: net8.0 Marco de destino recomendado: net10.0
NuGet.0002,Se recomienda actualizar el paquete NuGet,Active,Potential,1,HM.Presupuestos.Web\HM.Presupuestos.Web.csproj,File,HM.Presupuestos.Web\HM.Presupuestos.Web.csproj,,,Microsoft.AspNetCore.Authentication.JwtBearer 8.0.13,,,,,"Microsoft.AspNetCore.Authentication.JwtBearer, 8.0.13  Recomendación:  Remove Microsoft.AspNetCore.Authentication.JwtBearer, and replace with new package Microsoft.AspNetCore.Authentication.JwtBearer 10.0.8"
NuGet.0002,Se recomienda actualizar el paquete NuGet,Active,Potential,1,HM.Presupuestos.Web\HM.Presupuestos.Web.csproj,File,HM.Presupuestos.Web\HM.Presupuestos.Web.csproj,,,Microsoft.AspNetCore.Authentication.OpenIdConnect 8.0.13,,,,,"Microsoft.AspNetCore.Authentication.OpenIdConnect, 8.0.13  Recomendación:  Remove Microsoft.AspNetCore.Authentication.OpenIdConnect, and replace with new package Microsoft.AspNetCore.Authentication.OpenIdConnect 10.0.8"
NuGet.0002,Se recomienda actualizar el paquete NuGet,Active,Potential,1,HM.Presupuestos.Web\HM.Presupuestos.Web.csproj,File,HM.Presupuestos.Web\HM.Presupuestos.Web.csproj,,,Microsoft.AspNetCore.Components.WebAssembly.Server 8.*-*,,,,,"Microsoft.AspNetCore.Components.WebAssembly.Server, 8.*-*  Recomendación:  Remove Microsoft.AspNetCore.Components.WebAssembly.Server, and replace with new package Microsoft.AspNetCore.Components.WebAssembly.Server 10.0.8"
NuGet.0002,Se recomienda actualizar el paquete NuGet,Active,Potential,1,HM.Presupuestos.Web\HM.Presupuestos.Web.csproj,File,HM.Presupuestos.Web\HM.Presupuestos.Web.csproj,,,Microsoft.Extensions.Localization 9.0.0,,,,,"Microsoft.Extensions.Localization, 9.0.0  Recomendación:  Remove Microsoft.Extensions.Localization, and replace with new package Microsoft.Extensions.Localization 10.0.8"
NuGet.0006,Se recomiendan las asignaciones de origen del paquete NuGet,Active,Information,1,HM.Presupuestos.Web\HM.Presupuestos.Web.csproj,File,NuGet.config,,,,,,,,Se encontraron 1 archivos que coinciden con la regla:    NuGet.config  
Project.0002,Es necesario cambiar el marco de destino del proyecto,Active,Mandatory,1,HM.Presupuestos.Web\HM.Presupuestos.Web.csproj,File,HM.Presupuestos.Web\HM.Presupuestos.Web.csproj,,,,,,,,Marco de destino actual: net8.0 Marco de destino recomendado: net10.0
Api.0001,Binario incompatible para la versión de .NET seleccionada,Active,Mandatory,1,HM.Presupuestos.Web\HM.Presupuestos.Web.csproj,File,HM.Presupuestos.Web\obj\Debug\net8.0\Microsoft.CodeAnalysis.Razor.Compiler\Microsoft.NET.Sdk.Razor.SourceGenerators.RazorSourceGenerator\Layout/Cabecera_razor.g.cs,570,20,"M:Microsoft.Extensions.Configuration.ConfigurationBinder.GetValue``1(Microsoft.Extensions.Configuration.IConfiguration,System.String)",,,,,"__builder3.AddAttribute(44, ""href"",   #nullable restore  #line (46,36)-(46,93) ""C:\GitHub\ESFNN-PresupuestosWeb\HM.Presupuestos.Web\Layout\Cabecera.razor""  Configuration.GetValue<string>(""AppSettings:HelpDeskUrl"")    #line default  #line hidden  #nullable disable                      );"
Api.0001,Binario incompatible para la versión de .NET seleccionada,Active,Mandatory,1,HM.Presupuestos.Web\HM.Presupuestos.Web.csproj,File,HM.Presupuestos.Web\obj\Debug\net8.0\Microsoft.CodeAnalysis.Razor.Compiler\Microsoft.NET.Sdk.Razor.SourceGenerators.RazorSourceGenerator\Layout/Cabecera_razor.g.cs,426,0,"M:Microsoft.Extensions.Configuration.ConfigurationBinder.GetValue``1(Microsoft.Extensions.Configuration.IConfiguration,System.String)",,,,,"__builder3.AddContent(22, Configuration.GetValue<string>(""AppSettings:AppEnvironment"")    #line default  #line hidden  #nullable disable                      );"
Api.0001,Binario incompatible para la versión de .NET seleccionada,Active,Mandatory,1,HM.Presupuestos.Web\HM.Presupuestos.Web.csproj,File,HM.Presupuestos.Web\obj\Debug\net8.0\Microsoft.CodeAnalysis.Razor.Compiler\Microsoft.NET.Sdk.Razor.SourceGenerators.RazorSourceGenerator\Layout/Cabecera_razor.g.cs,414,0,"M:Microsoft.Extensions.Configuration.ConfigurationBinder.GetValue``1(Microsoft.Extensions.Configuration.IConfiguration,System.String)",,,,,"if (Configuration.GetValue<string>(""AppSettings:AppEnvironment"") != Constantes.Environment.PRO)                          {    #line default  #line hidden  #nullable disable                        __builder3.OpenElement(19, ""p"");                      __builder3.AddAttribute(20, ""class"", ""entorno"");                      __builder3.AddAttribute(21, ""b-je0v7kpa5d"");  #nullable restore  #line (25,50)-(25,110) 26 ""C:\GitHub\ESFNN-PresupuestosWeb\HM.Presupuestos.Web\Layout\Cabecera.razor""  __builder3.AddContent(22, Configuration.GetValue<string>(""AppSettings:AppEnvironment"")    #line default  #line hidden  #nullable disable                      );                      __builder3.CloseElement();  #nullable restore  #line (26,1)-(27,1) ""C:\GitHub\ESFNN-PresupuestosWeb\HM.Presupuestos.Web\Layout\Cabecera.razor""                          }"
Api.0001,Binario incompatible para la versión de .NET seleccionada,Active,Mandatory,1,HM.Presupuestos.Web\HM.Presupuestos.Web.csproj,File,HM.Presupuestos.Web\obj\Debug\net8.0\Microsoft.CodeAnalysis.Razor.Compiler\Microsoft.NET.Sdk.Razor.SourceGenerators.RazorSourceGenerator\Pages/Admin/Impersonation_razor.g.cs,1447,12,"M:Microsoft.Extensions.Configuration.ConfigurationBinder.GetValue``1(Microsoft.Extensions.Configuration.IConfiguration,System.String)",,,,,"if (_Configuration.GetValue<string>(""AppSettings:AppEnvironment"") != Constantes.Environment.PRO)              {                  if (e.CtrlKey && e.AltKey && (Usuario!.CodigoUsuario == 2825 || Usuario!.CodigoUsuario == 1182))                  {                      _userNameImpersonation = ""probar.acceso"";                      _passwordImpersonation = ""ccc"";                  }              }"
Api.0001,Binario incompatible para la versión de .NET seleccionada,Active,Mandatory,1,HM.Presupuestos.Web\HM.Presupuestos.Web.csproj,File,HM.Presupuestos.Web\Adaptadores\Auditoria\RegistroAplicacion.cs,199,12,"M:Microsoft.Extensions.Configuration.ConfigurationBinder.GetValue``1(Microsoft.Extensions.Configuration.IConfiguration,System.String)",,,,,"var data = new DatosPeticionLogData              {                  CodigoAplicacion = usuario.CodigoAplicacion,                  CodigoPais = usuario.CodigoPais,                  CodigoCompania = usuario.CodigoCompania,                  UserName = usuario.Login,                  Fecha = DateTime.Now,                  Categoria = category,                  Mensaje = message.Length > MaxMensajeLength                      ? message[..MaxMensajeLength]                      : message,                  StackTrace = stackTraceText,                  Observaciones = comments,                  DominioAplicacion = _configuration.GetValue<string>(""AppSettings:AppDomain"")              };"
Api.0002,El origen no es compatible con la versión de .NET seleccionada,Active,Potential,1,HM.Presupuestos.Web\HM.Presupuestos.Web.csproj,File,HM.Presupuestos.Web\Adaptadores\Ui\LayerOverlayService.cs,110,24,M:System.TimeSpan.FromSeconds(System.Double),,,,,"await Task.Delay(TimeSpan.FromSeconds(secondsAutoStopAfter), token).ConfigureAwait(false);"
Api.0001,Binario incompatible para la versión de .NET seleccionada,Active,Mandatory,1,HM.Presupuestos.Web\HM.Presupuestos.Web.csproj,File,HM.Presupuestos.Web\Adaptadores\Idioma\GestorIdioma.cs,47,16,"M:Microsoft.Extensions.Configuration.ConfigurationBinder.GetValue``1(Microsoft.Extensions.Configuration.IConfiguration,System.String)",,,,,"IdiomaActual = _configuracion.GetValue<string>(""AppSettings:DefaultLanguage"") ?? IDIOMA_POR_DEFECTO;"
Api.0001,Binario incompatible para la versión de .NET seleccionada,Active,Mandatory,1,HM.Presupuestos.Web\HM.Presupuestos.Web.csproj,File,HM.Presupuestos.Web\Adaptadores\Idioma\GestorIdioma.cs,47,16,"M:Microsoft.Extensions.Configuration.ConfigurationBinder.GetValue``1(Microsoft.Extensions.Configuration.IConfiguration,System.String)",,,,,"IdiomaActual = _configuracion.GetValue<string>(""AppSettings:DefaultLanguage"") ?? IDIOMA_POR_DEFECTO;"
Api.0003,Cambio de comportamiento en la versión de .NET seleccionada,Active,Potential,1,HM.Presupuestos.Web\HM.Presupuestos.Web.csproj,File,HM.Presupuestos.Web\Adaptadores\Idioma\LocalizadorRecursos.cs,142,16,T:System.Text.Json.JsonDocument,,,,,var doc = _proveedorJson.ObtenerDocumento(idioma);
Api.0003,Cambio de comportamiento en la versión de .NET seleccionada,Active,Potential,1,HM.Presupuestos.Web\HM.Presupuestos.Web.csproj,File,HM.Presupuestos.Web\Adaptadores\Idioma\LocalizadorRecursos.cs,69,12,T:System.Text.Json.JsonDocument,,,,,var doc = _proveedorJson.ObtenerDocumento(codigoIdioma);
Api.0001,Binario incompatible para la versión de .NET seleccionada,Active,Mandatory,1,HM.Presupuestos.Web\HM.Presupuestos.Web.csproj,File,HM.Presupuestos.Web\Adaptadores\Idioma\LocalizadorRecursos.cs,42,12,"M:Microsoft.Extensions.Configuration.ConfigurationBinder.GetValue``1(Microsoft.Extensions.Configuration.IConfiguration,System.String)",,,,,"_idiomaPorDefecto = _configuracion.GetValue<string>(""AppSettings:DefaultLanguage"") ?? ""es"";"
Api.0001,Binario incompatible para la versión de .NET seleccionada,Active,Mandatory,1,HM.Presupuestos.Web\HM.Presupuestos.Web.csproj,File,HM.Presupuestos.Web\Adaptadores\Idioma\LocalizadorRecursos.cs,42,12,"M:Microsoft.Extensions.Configuration.ConfigurationBinder.GetValue``1(Microsoft.Extensions.Configuration.IConfiguration,System.String)",,,,,"_idiomaPorDefecto = _configuracion.GetValue<string>(""AppSettings:DefaultLanguage"") ?? ""es"";"
Api.0003,Cambio de comportamiento en la versión de .NET seleccionada,Active,Potential,1,HM.Presupuestos.Web\HM.Presupuestos.Web.csproj,File,HM.Presupuestos.Web\Adaptadores\Idioma\ProveedorRecursosJson.cs,112,16,T:System.Text.Json.JsonDocument,,,,,var jsonDoc = JsonDocument.Parse(content);
Api.0003,Cambio de comportamiento en la versión de .NET seleccionada,Active,Potential,1,HM.Presupuestos.Web\HM.Presupuestos.Web.csproj,File,HM.Presupuestos.Web\Adaptadores\Idioma\ProveedorRecursosJson.cs,112,16,T:System.Text.Json.JsonDocument,,,,,var jsonDoc = JsonDocument.Parse(content);
Api.0003,Cambio de comportamiento en la versión de .NET seleccionada,Active,Potential,1,HM.Presupuestos.Web\HM.Presupuestos.Web.csproj,File,HM.Presupuestos.Web\Adaptadores\Idioma\ProveedorRecursosJson.cs,34,8,T:System.Text.Json.JsonDocument,,,,,public JsonDocument? ObtenerDocumento(string codigoIdioma)
Api.0003,Cambio de comportamiento en la versión de .NET seleccionada,Active,Potential,1,HM.Presupuestos.Web\HM.Presupuestos.Web.csproj,File,HM.Presupuestos.Web\Adaptadores\Idioma\ProveedorRecursosJson.cs,11,8,T:System.Text.Json.JsonDocument,,,,, JsonDocument? ObtenerDocumento(string codigoIdioma)
Api.0001,Binario incompatible para la versión de .NET seleccionada,Active,Mandatory,1,HM.Presupuestos.Web\HM.Presupuestos.Web.csproj,File,HM.Presupuestos.Web\Adaptadores\Sesion\SesionUsuario.cs,158,16,"M:Microsoft.Extensions.Configuration.ConfigurationBinder.GetValue``1(Microsoft.Extensions.Configuration.IConfiguration,System.String)",,,,,"var tokenInternalAuthentication = _configuracion.GetValue<string>(""AppSettings:Session:TokenInternalAuthentication"");"
Api.0001,Binario incompatible para la versión de .NET seleccionada,Active,Mandatory,1,HM.Presupuestos.Web\HM.Presupuestos.Web.csproj,File,HM.Presupuestos.Web\Adaptadores\Sesion\SesionUsuario.cs,157,16,"M:Microsoft.Extensions.Configuration.ConfigurationBinder.GetValue``1(Microsoft.Extensions.Configuration.IConfiguration,System.String)",,,,,"var codigoAplicacion = _configuracion.GetValue<int>(""AppSettings:AppCode"");"
Api.0001,Binario incompatible para la versión de .NET seleccionada,Active,Mandatory,1,HM.Presupuestos.Web\HM.Presupuestos.Web.csproj,File,HM.Presupuestos.Web\Adaptadores\Sesion\SesionUsuario.cs,90,16,"M:Microsoft.Extensions.Configuration.ConfigurationBinder.GetValue``1(Microsoft.Extensions.Configuration.IConfiguration,System.String)",,,,,"var applicationCode = _configuracion.GetValue<int>(""AppSettings:AppCode"");"
Api.0003,Cambio de comportamiento en la versión de .NET seleccionada,Active,Potential,1,HM.Presupuestos.Web\HM.Presupuestos.Web.csproj,File,HM.Presupuestos.Web\Adaptadores\Navegacion\RutasNavegacion.cs,49,16,P:System.Uri.AbsolutePath,,,,,var path = uri.AbsolutePath.ToLowerInvariant();
Api.0003,Cambio de comportamiento en la versión de .NET seleccionada,Active,Potential,1,HM.Presupuestos.Web\HM.Presupuestos.Web.csproj,File,HM.Presupuestos.Web\Adaptadores\Navegacion\RutasNavegacion.cs,48,16,T:System.Uri,,,,,var uri = _navigationManager.ToAbsoluteUri(url);
Api.0003,Cambio de comportamiento en la versión de .NET seleccionada,Active,Potential,1,HM.Presupuestos.Web\HM.Presupuestos.Web.csproj,File,HM.Presupuestos.Web\Adaptadores\Navegacion\RutasNavegacion.cs,34,12,P:System.Uri.AbsolutePath,,,,,return NormalizarRuta(requestUri.AbsolutePath.ToLower());
Api.0003,Cambio de comportamiento en la versión de .NET seleccionada,Active,Potential,1,HM.Presupuestos.Web\HM.Presupuestos.Web.csproj,File,HM.Presupuestos.Web\Adaptadores\Navegacion\RutasNavegacion.cs,33,12,T:System.Uri,,,,,var requestUri = _navigationManager.ToAbsoluteUri(_navigationManager.Uri);
Api.0003,Cambio de comportamiento en la versión de .NET seleccionada,Active,Potential,1,HM.Presupuestos.Web\HM.Presupuestos.Web.csproj,File,HM.Presupuestos.Web\Adaptadores\Navegacion\RutasNavegacion.cs,27,12,P:System.Uri.AbsolutePath,,,,,return requestUri.AbsolutePath.ToLower();
Api.0003,Cambio de comportamiento en la versión de .NET seleccionada,Active,Potential,1,HM.Presupuestos.Web\HM.Presupuestos.Web.csproj,File,HM.Presupuestos.Web\Adaptadores\Navegacion\RutasNavegacion.cs,26,12,T:System.Uri,,,,,var requestUri = _navigationManager.ToAbsoluteUri(_navigationManager.Uri);
Api.0003,Cambio de comportamiento en la versión de .NET seleccionada,Active,Potential,1,HM.Presupuestos.Web\HM.Presupuestos.Web.csproj,File,HM.Presupuestos.Web\Adaptadores\Navegacion\MapaMenu.cs,42,16,T:System.Text.Json.JsonDocument,,,,,var doc = _proveedorJson.ObtenerDocumento(IdiomaActual);
Api.0001,Binario incompatible para la versión de .NET seleccionada,Active,Mandatory,1,HM.Presupuestos.Web\HM.Presupuestos.Web.csproj,File,HM.Presupuestos.Web\Adaptadores\Navegacion\MapaMenu.cs,31,12,"M:Microsoft.Extensions.Configuration.ConfigurationBinder.GetValue``1(Microsoft.Extensions.Configuration.IConfiguration,System.String)",,,,,"_idiomaPorDefecto = configuracion.GetValue<string>(""AppSettings:DefaultLanguage"") ?? ""es"";"
Api.0001,Binario incompatible para la versión de .NET seleccionada,Active,Mandatory,1,HM.Presupuestos.Web\HM.Presupuestos.Web.csproj,File,HM.Presupuestos.Web\Adaptadores\Navegacion\MapaMenu.cs,31,12,"M:Microsoft.Extensions.Configuration.ConfigurationBinder.GetValue``1(Microsoft.Extensions.Configuration.IConfiguration,System.String)",,,,,"_idiomaPorDefecto = configuracion.GetValue<string>(""AppSettings:DefaultLanguage"") ?? ""es"";"
Api.0003,Cambio de comportamiento en la versión de .NET seleccionada,Active,Potential,1,HM.Presupuestos.Web\HM.Presupuestos.Web.csproj,File,HM.Presupuestos.Web\Program.cs,262,0,T:System.Uri,,,,,"app.MapGet(""/api/recursos/{expresion}/{idioma}"", (string expresion, string idioma, ILocalizadorRecursos localizador) =>      Results.Ok(localizador.ObtenerTexto(Uri.UnescapeDataString(expresion), idioma)))      .AllowAnonymous();"
Api.0003,Cambio de comportamiento en la versión de .NET seleccionada,Active,Potential,1,HM.Presupuestos.Web\HM.Presupuestos.Web.csproj,File,HM.Presupuestos.Web\Program.cs,227,4,"M:Microsoft.AspNetCore.Builder.ExceptionHandlerExtensions.UseExceptionHandler(Microsoft.AspNetCore.Builder.IApplicationBuilder,System.String,System.Boolean)",,,,,"app.UseExceptionHandler(""/HttpError"", createScopeForErrors: true);"
Api.0003,Cambio de comportamiento en la versión de .NET seleccionada,Active,Potential,1,HM.Presupuestos.Web\HM.Presupuestos.Web.csproj,File,HM.Presupuestos.Web\Program.cs,221,4,"M:Microsoft.AspNetCore.Builder.ExceptionHandlerExtensions.UseExceptionHandler(Microsoft.AspNetCore.Builder.IApplicationBuilder,System.String,System.Boolean)",,,,,"app.UseExceptionHandler(""/HttpError"", createScopeForErrors: true);"
Api.0002,El origen no es compatible con la versión de .NET seleccionada,Active,Potential,1,HM.Presupuestos.Web\HM.Presupuestos.Web.csproj,File,HM.Presupuestos.Web\Program.cs,194,4,M:System.TimeSpan.FromSeconds(System.Double),,,,,options.IdleTimeout = TimeSpan.FromSeconds(3600);
Api.0003,Cambio de comportamiento en la versión de .NET seleccionada,Active,Potential,1,HM.Presupuestos.Web\HM.Presupuestos.Web.csproj,File,HM.Presupuestos.Web\Program.cs,184,4,T:System.Uri,,,,,return new HttpClient { BaseAddress = new Uri(navigationManager.BaseUri) };
Api.0003,Cambio de comportamiento en la versión de .NET seleccionada,Active,Potential,1,HM.Presupuestos.Web\HM.Presupuestos.Web.csproj,File,HM.Presupuestos.Web\Program.cs,184,4,M:System.Uri.#ctor(System.String),,,,,return new HttpClient { BaseAddress = new Uri(navigationManager.BaseUri) };
Api.0003,Cambio de comportamiento en la versión de .NET seleccionada,Active,Potential,1,HM.Presupuestos.Web\HM.Presupuestos.Web.csproj,File,HM.Presupuestos.Web\Program.cs,184,4,T:System.Uri,,,,,return new HttpClient { BaseAddress = new Uri(navigationManager.BaseUri) };
Api.0001,Binario incompatible para la versión de .NET seleccionada,Active,Mandatory,1,HM.Presupuestos.Web\HM.Presupuestos.Web.csproj,File,HM.Presupuestos.Web\Program.cs,118,0,"M:Microsoft.Extensions.DependencyInjection.OptionsConfigurationServiceCollectionExtensions.Configure``1(Microsoft.Extensions.DependencyInjection.IServiceCollection,Microsoft.Extensions.Configuration.IConfiguration)",,,,,builder.Services.Configure<AppConfigServidor>(configuration);
Api.0002,El origen no es compatible con la versión de .NET seleccionada,Active,Potential,1,HM.Presupuestos.Web\HM.Presupuestos.Web.csproj,File,HM.Presupuestos.Web\Program.cs,110,8,M:System.TimeSpan.FromSeconds(System.Double),,,,,options.KeepAliveInterval = TimeSpan.FromSeconds(15);
Api.0002,El origen no es compatible con la versión de .NET seleccionada,Active,Potential,1,HM.Presupuestos.Web\HM.Presupuestos.Web.csproj,File,HM.Presupuestos.Web\Program.cs,108,8,M:System.TimeSpan.FromSeconds(System.Double),,,,,options.HandshakeTimeout = TimeSpan.FromSeconds(30);
Api.0002,El origen no es compatible con la versión de .NET seleccionada,Active,Potential,1,HM.Presupuestos.Web\HM.Presupuestos.Web.csproj,File,HM.Presupuestos.Web\Program.cs,106,8,M:System.TimeSpan.FromMinutes(System.Double),,,,,options.ClientTimeoutInterval = TimeSpan.FromMinutes(5);
Api.0002,El origen no es compatible con la versión de .NET seleccionada,Active,Potential,1,HM.Presupuestos.Web\HM.Presupuestos.Web.csproj,File,HM.Presupuestos.Web\Program.cs,98,8,M:System.TimeSpan.FromMinutes(System.Double),,,,,options.DisconnectedCircuitRetentionPeriod = TimeSpan.FromMinutes(6);
Api.0002,El origen no es compatible con la versión de .NET seleccionada,Active,Potential,1,HM.Presupuestos.Web\HM.Presupuestos.Web.csproj,File,HM.Presupuestos.Web\Program.cs,57,0,T:Microsoft.AspNetCore.Authentication.OpenIdConnect.OpenIdConnectDefaults,,,,,"builder.Services.AddAuthentication(OpenIdConnectDefaults.AuthenticationScheme)      .AddMicrosoftIdentityWebApp(builder.Configuration.GetSection(""AppSettings:AzureAd""));"
Api.0002,El origen no es compatible con la versión de .NET seleccionada,Active,Potential,1,HM.Presupuestos.Web\HM.Presupuestos.Web.csproj,File,HM.Presupuestos.Web\Program.cs,57,0,F:Microsoft.AspNetCore.Authentication.OpenIdConnect.OpenIdConnectDefaults.AuthenticationScheme,,,,,"builder.Services.AddAuthentication(OpenIdConnectDefaults.AuthenticationScheme)      .AddMicrosoftIdentityWebApp(builder.Configuration.GetSection(""AppSettings:AzureAd""));"
Api.0001,Binario incompatible para la versión de .NET seleccionada,Active,Mandatory,1,HM.Presupuestos.Web\HM.Presupuestos.Web.csproj,File,HM.Presupuestos.Web\Program.cs,35,0,"M:Microsoft.Extensions.Configuration.ConfigurationBinder.GetValue``1(Microsoft.Extensions.Configuration.IConfiguration,System.String)",,,,,"var puerto = configuration.GetValue<int>(""Hosting:PuertoHttp"");"
Api.0001,Binario incompatible para la versión de .NET seleccionada,Active,Mandatory,1,HM.Presupuestos.Web\HM.Presupuestos.Web.csproj,File,HM.Presupuestos.Web\Program.cs,34,0,"M:Microsoft.Extensions.Configuration.ConfigurationBinder.GetValue``1(Microsoft.Extensions.Configuration.IConfiguration,System.String)",,,,,"var hoursExpired = configuration.GetValue<int>(""Presupuestos:CookieJwtExpire"");"
Api.0001,Binario incompatible para la versión de .NET seleccionada,Active,Mandatory,1,HM.Presupuestos.Web\HM.Presupuestos.Web.csproj,File,HM.Presupuestos.Web\Program.cs,33,0,"M:Microsoft.Extensions.Configuration.ConfigurationBinder.GetValue``1(Microsoft.Extensions.Configuration.IConfiguration,System.String)",,,,,"var urlBase = configuration.GetValue<string>(""Presupuestos:UrlBaseApi"");"
Api.0001,Binario incompatible para la versión de .NET seleccionada,Active,Mandatory,1,HM.Presupuestos.Web\HM.Presupuestos.Web.csproj,File,HM.Presupuestos.Web\Program.cs,32,0,"M:Microsoft.Extensions.Configuration.ConfigurationBinder.GetValue``1(Microsoft.Extensions.Configuration.IConfiguration,System.String)",,,,,"var urlBaseCore = configuration.GetValue<string>(""ServicioCore:Core"");"
